{"cameraMode":{"drawMode":0,"name":"Shaded","section":"Shading Mode"},"sceneLighting":true,"audioPlay":false,"sceneViewState":{"m_AlwaysRefresh":false,"showFog":true,"showSkybox":true,"showFlares":true,"showImageEffects":true,"showParticleSystems":true,"showVisualEffectGraphs":true,"m_FxEnabled":true},"in2DMode":false,"pivot":{"x":268.2250671386719,"y":55.219234466552737,"z":323.71234130859377},"rotation":{"x":0.07327871024608612,"y":-0.8422996997833252,"z":0.11818709224462509,"w":0.5209413766860962},"size":3.5637319087982179,"orthographic":false}